id,Name,titleProject_id,class,score,LOgin, parol
0,Сербин Геннадий Михаилович,7,8в,2,Сербин_ГМ,5cs0kzuL
1,Папандина Клавдия Яковлевна,304,9в,5,Папандина_КЯ,olKAUDlO
2,Белагина Галина Андреевна,396,9а,4,Белагина_ГА,bqtrbi80
3,Кижняева Анна Леонидовна,178,7и,2,Кижняева_АЛ,rG6N1B7t
4,Цывин Олег Яковлевич,446,7т,2,Цывин_ОЯ,XoUHWAHU
5,Жидняева Ксения Эдуардовна,373,7х,4,Жидняева_КЭ,jth2Je34
6,Липковский Анатолий Иванович,144,10а,2,Липковский_АИ,KuQi5HHc
7,Меднова Наталья Богдановна,290,7и,5,Меднова_НБ,muPAdTkS
8,Житихин Вячеслав Романович,141,9а,5,Житихин_ВР,OdguaXxK
9,Шеврина Полина Максимовна,33,11а,5,Шеврина_ПМ,hFLu0oiE
10,Алпеев Валентин Данилович,323,8а,2,Алпеев_ВД,MEAk2H6S
11,Золикова Клара Игоревна,364,10х,2,Золикова_КИ,J8kJEcMF
12,Дориков Дмитрий Петрович,296,10г,5,Дориков_ДП,dLl9fhgT
13,Корабышев Кирилл Михаилович,302,8и,5,Корабышев_КМ,bLFGldXx
14,Ростовиков Константин Николаевич,336,10а,2,Ростовиков_КН,be41r3ot
15,Нехаев Дмитрий Фёдорович,129,7х,4,Нехаев_ДФ,viQAjgok
16,Зызлова Мария Николаевна,430,8г,3,Зызлова_МН,WzdftZrT
17,Королупов Валерий Тимофеевич,397,10д,5,Королупов_ВТ,sQdvWxpH
18,Стенцов Евгений Яковлевич,315,8и,4,Стенцов_ЕЯ,7JiB6o5x
19,Феклисов Константин Виталиевич,270,9т,None,Феклисов_КВ,bcxb9nmU
20,Синелев Руслан Тимофеевич,300,8и,2,Синелев_РТ,00IND8pg
21,Опевалова Вера Евгеньевна,473,9д,5,Опевалова_ВЕ,vDuB6Ki9
22,Назерова Вероника Василевна,206,7б,5,Назерова_ВВ,DFIj8cjP
23,Дименская Светлана Дмитриевна,387,9д,5,Дименская_СД,gy5vD76U
24,Ковторева Раиса Василевна,482,9и,2,Ковторева_РВ,5Q1cH1Op
25,Кулишнин Вячеслав Яковлевич,386,11х,5,Кулишнин_ВЯ,Q5gHYNwU
26,Лексин Кирилл Антонович,139,7в,5,Лексин_КА,ZTyKsfAB
27,Лаковский Григорий Василиевич,240,7д,5,Лаковский_ГВ,G9HA6BZU
28,Барамыкова Александра Алексеевна,106,10а,3,Барамыкова_АА,nWpznTb9
29,Плясулина Оксана Андреевна,346,8х,2,Плясулина_ОА,1GvzxaAz
30,Петрикеев Станислав Яковлевич,14,7и,4,Петрикеев_СЯ,JrOCghxL
31,Моторыгин Илья Георгиевич,238,10и,5,Моторыгин_ИГ,UUDXhqKJ
32,Рыков Тарас Павлович,174,10и,5,Рыков_ТП,TzsVu6cC
33,Иончикова Елизавета Егоровна,169,8д,5,Иончикова_ЕЕ,CQ1Jwued
34,Смолькина Алиса Егоровна,441,7г,5,Смолькина_АЕ,tx3aOajk
35,Оболенин Герасим Павлович,472,7и,4,Оболенин_ГП,St59vhdy
36,Трощинский Георгий Борисович,67,9д,3,Трощинский_ГБ,fQMKXC5j
37,Поддубская Лиза Игоревна,496,10а,4,Поддубская_ЛИ,0tD9Aryg
38,Телькова Валерия Олеговна,335,7х,4,Телькова_ВО,O4shiEgE
39,Чигварина Александра Алексеевна,428,10б,2,Чигварина_АА,ZXhah0m6
40,Киреевский Артур Игоревич,119,7в,3,Киреевский_АИ,VXIHPup7
41,Шумейкин Роман Павлович,420,8в,5,Шумейкин_РП,x3miBCYD
42,Трушинов Максим Алексиевич,82,8и,4,Трушинов_МА,qIklRw0h
43,Голюков Денис Сергеевич,62,11б,4,Голюков_ДС,omrItv7Z
44,Хлиманкова Надежда Валерьевна,461,10б,3,Хлиманкова_НВ,mdDaThG4
45,Кулаженков Алексей Олегович,367,10в,2,Кулаженков_АО,NYiZ1JnZ
46,Бутукин Владимир Адамович,221,7х,5,Бутукин_ВА,88ILlQxF
47,Поддуев Леонид Олегович,149,9х,4,Поддуев_ЛО,yMCnkWbs
48,Ревцев Василий Павлович,360,9х,5,Ревцев_ВП,W8bQfnJe
49,Старокожев Артём Юрьевич,46,8д,3,Старокожев_АЮ,23d1Ouu7
50,Светошев Максим Михаилович,321,10х,2,Светошев_ММ,Dk8TTCK7
51,Старынина Кристина Федоровна,266,9д,3,Старынина_КФ,H5N4LWFE
52,Востров Дмитрий Денисович,282,9г,3,Востров_ДД,GsjBqPhR
53,Бураханова Анастасия Леонидовна,16,8г,2,Бураханова_АЛ,3CbKpoJe
54,Понизов Виктор Кириллович,214,11и,5,Понизов_ВК,Qqcgh7hc
55,Суздалев Валерий Алексеевич,66,11т,5,Суздалев_ВА,3inEB5YN
56,Колендин Дмитрий Алексеевич,153,10в,4,Колендин_ДА,9DwqXavC
57,Сулькова Екатерина Андреевна,325,8и,4,Сулькова_ЕА,pfNYv3uB
58,Аржевитова Надежда Федоровна,242,10в,2,Аржевитова_НФ,wC4Z33yW
59,Крассов Валерий Олегович,201,8х,5,Крассов_ВО,G0xIAP07
60,Сонураева Инна Андреевна,450,9т,3,Сонураева_ИА,b5Yq3t2H
61,Пашин Роман Вадимович,204,10д,2,Пашин_РВ,HEpbUlfj
62,Фичкина Евгения Федоровна,29,11д,3,Фичкина_ЕФ,ldvUM6ej
63,Свилин Олег Виталиевич,123,8в,2,Свилин_ОВ,qWquBemP
64,Рогоцкий Андрей Адамович,142,9в,2,Рогоцкий_АА,P9jCQMG8
65,Ахантьев Игорь Валериевич,80,10д,5,Ахантьев_ИВ,SkFGYTog
66,Сочиникова Ксения Кирилловна,100,10д,2,Сочиникова_КК,MKqWWwUQ
67,Остюков Артур Романович,329,11и,3,Остюков_АР,mURnAsuX
68,Брюкина Оксана Викторовна,98,8в,5,Брюкина_ОВ,fvonOSQJ
69,Кузовенков Игорь Юрьевич,322,9г,None,Кузовенков_ИЮ,AuLEsXlH
70,Калухов Тарас Иванович,207,11а,3,Калухов_ТИ,GoYB9Bh0
71,Батыров Пётр Виталиевич,227,7и,3,Батыров_ПВ,kXaBEzdo
72,Озрина Катерина Валерьевна,147,10а,4,Озрина_КВ,ZccvrrAK
73,Декалова Полина Леонидовна,470,11д,5,Декалова_ПЛ,7kSwVW2N
74,Лосицкий Владимир Кириллович,369,9т,5,Лосицкий_ВК,Dd3Fu3Yt
75,Магнусов Пётр Максимович,437,7и,5,Магнусов_ПМ,U2VOqbfX
76,Лавренков Михаил Василиевич,188,9б,2,Лавренков_МВ,T3HpTpDV
77,Шушкалова Вероника Алексеевна,411,8т,5,Шушкалова_ВА,D8I6v0qC
78,Бороданова Маргарита Дмитриевна,118,7г,5,Бороданова_МД,MsEwCFz6
79,Циркина Виолетта Федоровна,231,9г,2,Циркина_ВФ,JXFkSGSB
80,Болохина Екатерина Андреевна,194,11д,3,Болохина_ЕА,GCtDerHu
81,Чукалова Дарья Валерьевна,20,10г,4,Чукалова_ДВ,z7GQfvCt
82,Беловолов Степан Петрович,222,9д,2,Беловолов_СП,jcg6Lk88
83,Зудейкина Вероника Ивановна,166,8и,3,Зудейкина_ВИ,OqvRZsaM
84,Макунова Мария Борисовна,47,9в,5,Макунова_МБ,Ya4BOqdO
85,Верзанский Геннадий Андреевич,497,7д,5,Верзанский_ГА,Q8yQngZ4
86,Алтубин Ярослав Леонидович,414,10г,5,Алтубин_ЯЛ,rWXzyUTl
87,Аузин Игорь Алексиевич,435,8х,5,Аузин_ИА,4f7OKafa
88,Калыгин Степан Тимофеевич,353,8и,2,Калыгин_СТ,l4f1555j
89,Дурныгина Полина Игоревна,72,8и,2,Дурныгина_ПИ,d2LVECgW
90,Антюфеева Александра Вадимовна,347,8и,2,Антюфеева_АВ,Bg5dlfDK
91,Лощинский Борис Романович,210,10б,3,Лощинский_БР,CDNG6tJa
92,Ходорков Евгений Виталиевич,344,9г,5,Ходорков_ЕВ,TJEyppDm
93,Кафорин Федор Данилович,427,10д,3,Кафорин_ФД,XNZ1dJv8
94,Косынская Алиса Дмитриевна,40,9в,3,Косынская_АД,EhiHLJVn
95,Беремцев Артём Антонович,434,11т,2,Беремцев_АА,E4pu8XJF
96,Влянская Мария Андреевна,490,7т,4,Влянская_МА,juU4g9Xm
97,Мыгеева Лиза Василевна,280,8в,5,Мыгеева_ЛВ,EnXrnEHw
98,Акутникова Мария Алексеевна,173,11в,2,Акутникова_МА,YBMlgtCT
99,Карябкин Константин Максимович,89,7и,2,Карябкин_КМ,PrVhTPQb
100,Прилепина Яна Максимовна,30,10в,5,Прилепина_ЯМ,ZDSc2Nrk
101,Ведищев Никита Георгиевич,365,7и,5,Ведищев_НГ,tz5YXOwG
102,Самчева Вероника Борисовна,287,10г,3,Самчева_ВБ,fNE9gqeY
103,Пирцхалова Карина Леонидовна,452,10г,5,Пирцхалова_КЛ,A9c360Tb
104,Павлочев Денис Борисович,432,11д,5,Павлочев_ДБ,1o9865k5
105,Арашкова Екатерина Евгеньевна,356,8х,None,Арашкова_ЕЕ,gkmg5Q3J
106,Байсарова Людмила Василевна,215,11и,2,Байсарова_ЛВ,uMUh7Mya
107,Кудекина Зинаида Игоревна,250,10и,3,Кудекина_ЗИ,bKMRV3ED
108,Дерналов Виталий Викторович,1,9г,4,Дерналов_ВВ,EKihQeWG
109,Сазинова Галина Романовна,61,9и,3,Сазинова_ГР,mwgGDbFc
110,Остаченова Марина Эдуардовна,229,9т,5,Остаченова_МЭ,l6avILz5
111,Битюкова Яна Егоровна,488,9и,4,Битюкова_ЯЕ,welw14cK
112,Иваницкий Константин Борисович,232,8д,5,Иваницкий_КБ,z4JbVqFf
113,Белянский Владислав Игоревич,74,11б,5,Белянский_ВИ,F03wyZ2j
114,Баранкин Артём Алексеевич,382,9т,2,Баранкин_АА,42PVHpJz
115,Шкабанова Софья Вадимовна,499,9х,4,Шкабанова_СВ,whfnPx6P
116,Полозлов Денис Адамович,155,8т,3,Полозлов_ДА,ctoVVrCb
117,Жунина Светлана Михайловна,162,8в,3,Жунина_СМ,MZU3wMfM
118,Пантыкин Борис Игоревич,245,9х,2,Пантыкин_БИ,zoD6J2Mb
119,Доутова Марина Богдановна,189,11х,2,Доутова_МБ,qt82HgOV
120,Трещалова Яна Андреевна,330,8б,3,Трещалова_ЯА,TelThSDr
121,Ивашечкин Александр Данилович,390,10т,4,Ивашечкин_АД,vttndF3f
122,Мазьянова Инна Богдановна,416,11в,4,Мазьянова_ИБ,loofIStt
123,Корогев Николай Евгеньевич,184,8б,5,Корогев_НЕ,Q5tLaBzq
124,Заидова Галина Максимовна,88,9т,4,Заидова_ГМ,uFGXPsyq
125,Рамхин Кирилл Алексиевич,459,9х,4,Рамхин_КА,vzHBSxi5
126,Кизбабаев Эдуард Фёдорович,415,11т,2,Кизбабаев_ЭФ,YeFi7PDM
127,Соурчаков Ярослав Валериевич,268,8б,2,Соурчаков_ЯВ,ywigSqTh
128,Мотяшева Алена Михайловна,404,7т,2,Мотяшева_АМ,FakvmM0N
129,Горшкова Наталия Яковлевна,340,11а,2,Горшкова_НЯ,iha2VM0b
130,Зябрицкий Игорь Виталиевич,332,7а,5,Зябрицкий_ИВ,heORA5yN
131,Шельдяев Игорь Юриевич,97,7д,5,Шельдяев_ИЮ,evU9ueXZ
132,Шмелькин Максим Викторович,483,9т,5,Шмелькин_МВ,M5oDTUqW
133,Жалкин Алексей Алексеевич,43,7а,3,Жалкин_АА,2uGaZir5
134,Худасов Денис Максимович,70,10д,2,Худасов_ДМ,9Fx43f6c
135,Швичкова Наталья Эдуардовна,398,7г,4,Швичкова_НЭ,ZeIHVMO9
136,Едская Жанна Валерьевна,436,11в,4,Едская_ЖВ,qV2qhWsw
137,Поморзина Полина Евгеньевна,122,7д,4,Поморзина_ПЕ,qUauR8LE
138,Будачева Кира Олеговна,55,11х,4,Будачева_КО,sjJUlE7L
139,Молкаев Василий Валериевич,216,8д,2,Молкаев_ВВ,usml7nwg
140,Яцынин Константин Тимофеевич,285,7г,2,Яцынин_КТ,KV8ewtTf
141,Маховиков Василий Петрович,391,7х,4,Маховиков_ВП,fHMtJ3za
142,Шаметова Евгения Вадимовна,463,7а,2,Шаметова_ЕВ,oAlcrrIF
143,Законнова Жанна Евгеньевна,442,11и,None,Законнова_ЖЕ,f18XqOKS
144,Перчихин Аркадий Тимофеевич,164,10т,3,Перчихин_АТ,K1sHimV3
145,Бурдасова Ксения Игоревна,203,9а,3,Бурдасова_КИ,AEH1waVT
146,Киссин Степан Иванович,251,7х,5,Киссин_СИ,P4a0W1Sq
147,Вапилина Мария Егоровна,77,7д,2,Вапилина_МЕ,OhGB7uhX
148,Сигутина Дарья Федоровна,458,7б,2,Сигутина_ДФ,TAIMCK5f
149,Сошьяков Альберт Фёдорович,17,7т,4,Сошьяков_АФ,O2gTDPSq
150,Лугахина Клара Вадимовна,419,8в,4,Лугахина_КВ,xEcgVSqF
151,Логецкий Анатолий Виталиевич,372,11б,4,Логецкий_АВ,Letjiye4
152,Ковайкова Юлия Егоровна,75,10г,2,Ковайкова_ЮЕ,R4qgEJ8g
153,Вермутский Валерий Петрович,447,9и,5,Вермутский_ВП,wz883i1w
154,Россомахов Олег Юриевич,56,8в,2,Россомахов_ОЮ,enVzOxRB
155,Циплакова Екатерина Егоровна,471,9б,5,Циплакова_ЕЕ,yBZYBaN2
156,Квятцева Алла Никитична,138,11в,2,Квятцева_АН,c3aUOwSs
157,Выхухолева Лариса Василевна,384,8б,5,Выхухолева_ЛВ,he5HrGHi
158,Целохов Андрей Вадимович,433,8и,5,Целохов_АВ,i0ck7u6p
159,Бендин Иван Яковлевич,71,8и,4,Бендин_ИЯ,osnwxOZJ
160,Лазученков Василий Алексеевич,381,7х,2,Лазученков_ВА,YOLBEoEi
161,Скоропухов Михаил Василиевич,69,10и,3,Скоропухов_МВ,95ZxyACr
162,Мухонкин Тарас Романович,126,9и,4,Мухонкин_ТР,0p2ZAp6C
163,Камерцев Владимир Кириллович,303,7а,3,Камерцев_ВК,u5SaX69h
164,Сандрыкина Анна Олеговна,324,10т,2,Сандрыкина_АО,UXJgdzUt
165,Недбайлов Алексей Денисович,15,7т,2,Недбайлов_АД,fGsHyOeg
166,Серпков Ярослав Георгиевич,380,10б,4,Серпков_ЯГ,HWlt3edv
167,Хатшуклов Аркадий Николаевич,42,11т,4,Хатшуклов_АН,tNZ5tWDl
168,Литвалиева Алиса Егоровна,10,11и,3,Литвалиева_АЕ,1DYhjxlt
169,Енесина Лиза Валерьевна,293,9б,5,Енесина_ЛВ,S8mMhcXb
170,Пикальков Эдуард Алексиевич,21,8д,5,Пикальков_ЭА,dFpSDOAk
171,Сачинский Валентин Кириллович,125,10т,2,Сачинский_ВК,Kx4LddB6
172,Тарзанова Евгения Аркадьевна,96,9д,2,Тарзанова_ЕА,r50hrP06
173,Лапундин Юрий Игоревич,267,8и,5,Лапундин_ЮИ,LNl61RkZ
174,Личева Лиза Михайловна,453,9б,3,Личева_ЛМ,Y3IMryLE
175,Смароверов Яков Борисович,131,11в,4,Смароверов_ЯБ,inAmiyZl
176,Вереина Алла Василевна,295,10и,3,Вереина_АВ,L2pI4HLk
177,Погиблева Дарья Леонидовна,283,9в,5,Погиблева_ДЛ,yi1Kwivd
178,Байнова Анастасия Вадимовна,363,7б,3,Байнова_АВ,b76i3xaU
179,Шиловский Вячеслав Максимович,438,9и,4,Шиловский_ВМ,VYsocoZD
180,Сыждиков Пётр Василиевич,494,11х,5,Сыждиков_ПВ,2LYGYqiF
181,Каценова Алёна Эдуардовна,165,11т,2,Каценова_АЭ,nnJQgg18
182,Мужицких Ева Олеговна,348,8х,3,Мужицких_ЕО,5G2cJmqQ
183,Плеснецов Степан Юрьевич,22,10а,2,Плеснецов_СЮ,jVVutuXB
184,Игумнова Алёна Сергеевна,114,9д,4,Игумнова_АС,rkRNWMOv
185,Хадаров Владимир Валериевич,278,11т,5,Хадаров_ВВ,6uGlHSj2
186,Ступакова Кира Ивановна,421,8и,3,Ступакова_КИ,Sbd6V9cf
187,Шоленинов Федор Максимович,286,11т,4,Шоленинов_ФМ,AmsMGLmr
188,Гундаров Руслан Николаевич,158,9д,4,Гундаров_РН,v6vLb3w5
189,Гречишева Марина Андреевна,464,7д,2,Гречишева_МА,SUS4Csn9
190,Утилова Алена Андреевна,253,11д,3,Утилова_АА,KKIqcRxB
191,Роткичева Алиса Максимовна,410,10а,4,Роткичева_АМ,IaoXyqzD
192,Колтышева Марина Вадимовна,87,11г,4,Колтышева_МВ,voDqKb4X
193,Гурычева Лариса Валерьевна,489,9б,2,Гурычева_ЛВ,9OpXQLYP
194,Горцева Кристина Никитична,246,8и,4,Горцева_КН,rY8pJkxB
195,Кутурин Геннадий Денисович,197,9в,2,Кутурин_ГД,ODSHZNaZ
196,Стефанков Яков Евгеньевич,318,10г,3,Стефанков_ЯЕ,HYJLFpMR
197,Множина Людмила Василевна,90,8б,2,Множина_ЛВ,19JsMuZC
198,Семисалов Георгий Иванович,316,9в,3,Семисалов_ГИ,J1g2NHS8
199,Рогалов Альберт Валериевич,327,9б,2,Рогалов_АВ,x9GM183l
200,Черетаева Анастасия Олеговна,341,9б,2,Черетаева_АО,tAKl6SUn
201,Радоминова Любовь Игоревна,25,9и,5,Радоминова_ЛИ,VGVTb860
202,Шувырина Лиза Андреевна,395,9а,5,Шувырина_ЛА,91npsfYY
203,Калиженков Семён Алексеевич,401,11а,4,Калиженков_СА,lWcBrZnG
204,Старокашин Константин Петрович,309,10а,3,Старокашин_КП,YGWNxJfw
205,Малтоцов Аркадий Яковлевич,218,8а,3,Малтоцов_АЯ,z7mzzcKG
206,Кузеванова Ева Егоровна,116,7д,2,Кузеванова_ЕЕ,BRR0fWf1
207,Нурулина Алёна Егоровна,284,9х,2,Нурулина_АЕ,W84Hf5vB
208,Лератов Герасим Сергеевич,374,10а,4,Лератов_ГС,In819TsC
209,Людин Руслан Аркадиевич,498,7и,3,Людин_РА,x4GYfGN1
210,Пурин Виктор Данилович,154,8и,5,Пурин_ВД,N88sFipf
211,Лютов Виктор Юрьевич,288,11г,2,Лютов_ВЮ,c3aDG7WS
212,Марюшкина Яна Федоровна,345,10д,5,Марюшкина_ЯФ,l0qui6WT
213,Томилова Кристина Михайловна,492,11б,3,Томилова_КМ,LNKSzZJ3
214,Дистерев Валерий Валериевич,24,7г,3,Дистерев_ВВ,6Ri0ikKj
215,Дочкин Геннадий Алексиевич,52,11и,5,Дочкин_ГА,dXUliYni
216,Иняхин Руслан Сергеевич,234,7и,5,Иняхин_РС,oXW6541K
217,Знайкова Раиса Егоровна,148,11х,3,Знайкова_РЕ,zeL5MgHX
218,Кашавцев Аркадий Леонидович,58,7а,4,Кашавцев_АЛ,i86cDRD0
219,Пятернина Кристина Андреевна,445,7и,2,Пятернина_КА,xhkkSnh7
220,Гусеева Карина Викторовна,263,9и,2,Гусеева_КВ,lRKdK0hI
221,Кастева Яна Сергеевна,108,7и,2,Кастева_ЯС,XjuVa5l0
222,Гришанин Тарас Павлович,113,10т,2,Гришанин_ТП,MEXVnWEE
223,Грамоткин Илья Викторович,195,8д,5,Грамоткин_ИВ,uVP7hrBu
224,Мелисин Геннадий Василиевич,465,10г,2,Мелисин_ГВ,f1dCN3vF
225,Цинина Светлана Яковлевна,105,11г,5,Цинина_СЯ,wGniDBLy
226,Петов Георгий Адамович,57,9а,2,Петов_ГА,TX4546DV
227,Реева Валентина Максимовна,146,11и,5,Реева_ВМ,0qrTSTP7
228,Слесивых Мария Аркадьевна,35,7и,5,Слесивых_МА,bPjUvrQ6
229,Афтаева Полина Ивановна,193,10д,5,Афтаева_ПИ,x6btxYGJ
230,Кривицкий Валентин Виталиевич,208,8х,5,Кривицкий_ВВ,ShShoYuo
231,Чубатов Константин Леонидович,279,11а,4,Чубатов_КЛ,EHBr39wP
232,Партенков Геннадий Павлович,418,8х,3,Партенков_ГП,4B3lv2Ww
233,Черушев Григорий Борисович,84,7г,4,Черушев_ГБ,eU3k3x3h
234,Тютекин Георгий Тимофеевич,262,7а,2,Тютекин_ГТ,SAFVnevn
235,Янкевский Вячеслав Адамович,167,11г,4,Янкевский_ВА,uE6Z0RtH
236,Сухручкина Клавдия Аркадьевна,177,7в,4,Сухручкина_КА,I5UmNsKw
237,Конофалова Клара Петровна,95,11д,5,Конофалова_КП,O4TfkZeI
238,Лигасов Михаил Павлович,491,11г,4,Лигасов_МП,FnkJxkVJ
239,Писарьков Альберт Игоревич,313,8в,4,Писарьков_АИ,Ynua6lN0
240,Варов Кирилл Иванович,28,8а,5,Варов_КИ,STp74l5f
241,Пурынов Евгений Петрович,244,9и,3,Пурынов_ЕП,g7regHZ3
242,Супрутская Вероника Викторовна,187,9а,2,Супрутская_ВВ,x5Nyb1ZY
243,Скроцкая Алина Федоровна,127,8г,3,Скроцкая_АФ,PKDSefbT
244,Барадулин Вадим Юрьевич,281,11х,3,Барадулин_ВЮ,0cWMsSEk
245,Точилин Дмитрий Фёдорович,476,8а,2,Точилин_ДФ,Kr6oI17F
246,Бикмуллин Руслан Валериевич,333,11т,2,Бикмуллин_РВ,BAwtTYMq
247,Серпичев Василий Алексиевич,394,10х,5,Серпичев_ВА,njOcgOpC
248,Вострышев Яков Аркадиевич,343,8г,5,Вострышев_ЯА,UGdfyo7F
249,Грушчева София Евгеньевна,480,11в,None,Грушчева_СЕ,nPuIiyc9
250,Кулапов Александр Юрьевич,109,9б,5,Кулапов_АЮ,PcqLNXeb
251,Чибисенков Владислав Фёдорович,375,8х,3,Чибисенков_ВФ,ygLT4iR9
252,Утилов Роман Василиевич,254,9х,2,Утилов_РВ,SA56E7jU
253,Татаурова Галина Федоровна,145,10т,4,Татаурова_ГФ,cqbmJWF5
254,Визавитина Наталия Леонидовна,101,10г,2,Визавитина_НЛ,YDbz6Jlw
255,Мягченков Артём Денисович,115,7б,4,Мягченков_АД,breTU7E0
256,Брикова Инна Богдановна,256,9б,4,Брикова_ИБ,JR7wGW37
257,Наторкин Валентин Данилович,319,7и,2,Наторкин_ВД,HhCAX6pS
258,Эштрекова Софья Алексеевна,76,9в,3,Эштрекова_СА,T5HOlCQF
259,Кутаманова Кира Андреевна,182,10т,2,Кутаманова_КА,Umn7W2X0
260,Кыштымова Евгения Эдуардовна,255,8в,5,Кыштымова_ЕЭ,5crdqmwr
261,Ккнязева Клавдия Дмитриевна,34,7б,5,Ккнязева_КД,rBCWBVPf
262,Глаголина Алиса Никитична,249,9д,2,Глаголина_АН,qNQLjcEt
263,Рисина Раиса Валерьевна,451,10а,4,Рисина_РВ,axHT4cZH
264,Ребров Алексей Георгиевич,289,8и,3,Ребров_АГ,ystBvfPa
265,Вырысалова Александра Евгеньевна,39,11и,2,Вырысалова_АЕ,crfv5Rmk
266,Гомольский Владимир Юриевич,314,11х,5,Гомольский_ВЮ,wPKuEZrz
267,Швинова Марина Федоровна,271,8г,5,Швинова_МФ,xI0ifX1C
268,Рудковская Инна Дмитриевна,6,7т,3,Рудковская_ИД,JW4W4C8l
269,Решеткина Дарья Василевна,408,10и,3,Решеткина_ДВ,Q6vBfc0i
270,Евстихеев Игорь Василиевич,422,10х,5,Евстихеев_ИВ,cYleYdMP
271,Лазарина Алёна Федоровна,161,8б,3,Лазарина_АФ,WjYoCb9C
272,Гляченков Григорий Николаевич,431,10а,5,Гляченков_ГН,kOlMNNHN
273,Чардынцева Алина Вадимовна,135,10д,3,Чардынцева_АВ,mNQqsVfZ
274,Скаредов Яков Иванович,337,9т,5,Скаредов_ЯИ,60JQwDQc
275,Юрицкий Эдуард Денисович,192,7д,3,Юрицкий_ЭД,YlFGheu5
276,Кравчина Светлана Аркадьевна,413,11г,5,Кравчина_СА,vSrx0BiD
277,Чмареткова Полина Вадимовна,449,10а,2,Чмареткова_ПВ,MBwNVno1
278,Углова Галина Романовна,260,9г,3,Углова_ГР,Rk0kA4OY
279,Згуровская Виктория Андреевна,220,9т,4,Згуровская_ВА,rESAaGnk
280,Секерский Станислав Сергеевич,235,10а,4,Секерский_СС,kugeIKyV
281,Жевайкин Евгений Адамович,86,11г,3,Жевайкин_ЕА,Uu9lGqL1
282,Коточигов Семён Игоревич,26,9д,5,Коточигов_СИ,X1QO4syF
283,Калонин Альберт Денисович,297,8б,2,Калонин_АД,fmRR7Jla
284,Валягин Григорий Антонович,94,10в,4,Валягин_ГА,0wXVjd4g
285,Коцева Кристина Николаевна,412,9г,3,Коцева_КН,zA4ee19Y
286,Голина Кристина Максимовна,3,7х,3,Голина_КМ,ZJSpj379
287,Батрамеев Анатолий Романович,354,9х,3,Батрамеев_АР,yOjYJbuA
288,Чикмарев Валентин Валериевич,306,9и,5,Чикмарев_ВВ,Bw81cWSX
289,Киницына Валерия Олеговна,202,7х,4,Киницына_ВО,FW3C9Iwr
290,Числин Юрий Денисович,121,7в,2,Числин_ЮД,xTXEyvgu
291,Стебунова Юлия Романовна,358,9т,3,Стебунова_ЮР,ghghvCNk
292,Кацов Павел Павлович,236,10г,5,Кацов_ПП,p1fqXI29
293,Гоцев Тарас Викторович,41,8в,3,Гоцев_ТВ,JL5IKqZU
294,Мотовицкий Роман Аркадиевич,31,11и,5,Мотовицкий_РА,B6TAO94l
295,Чурзина Клара Егоровна,308,10б,3,Чурзина_КЕ,FrCM6da3
296,Щепалкина Валерия Сергеевна,134,9б,4,Щепалкина_ВС,1l7tjOUB
297,Утимишев Ярослав Игоревич,239,11а,3,Утимишев_ЯИ,ggKF6nBa
298,Алуханов Кирилл Фёдорович,298,7т,2,Алуханов_КФ,otWdNJpj
299,Полунеев Валентин Валериевич,307,8и,2,Полунеев_ВВ,qXsIvvWt
300,Крупенова Наталия Андреевна,209,7в,5,Крупенова_НА,1SdZyYbu
301,Корнюшин Илья Юрьевич,44,10т,3,Корнюшин_ИЮ,DzdbgxsL
302,Паушева Виолетта Никитична,310,8г,4,Паушева_ВН,9xUsJjH0
303,Берзин Герасим Антонович,349,11т,5,Берзин_ГА,rgcxQscP
304,Шулунова Алла Алексеевна,54,7д,4,Шулунова_АА,ou4EtfG6
305,Трепашова София Яковлевна,399,11а,2,Трепашова_СЯ,jMSyQzVO
306,Чумейкин Константин Антонович,8,8б,5,Чумейкин_КА,fwLZPL30
307,Польшиков Денис Игоревич,495,9и,2,Польшиков_ДИ,PJYHtpk0
308,Медоусова Жанна Романовна,252,7б,2,Медоусова_ЖР,2GPBo8Ac
309,Акуратова Клавдия Андреевна,92,9г,5,Акуратова_КА,eCUZbxsu
310,Курмеева Елизавета Валерьевна,486,8а,5,Курмеева_ЕВ,G5zq6M9Y
311,Бадов Александр Аркадиевич,217,10г,3,Бадов_АА,e5IyF07e
312,Бакушин Эдуард Адамович,265,7б,5,Бакушин_ЭА,Gr3eCQWP
313,Чебина Инна Сергеевна,273,10т,2,Чебина_ИС,QswIk2XZ
314,Подледнова Наталья Ивановна,112,11и,3,Подледнова_НИ,IzOYfDD5
315,Садгеева Лиза Евгеньевна,460,11г,3,Садгеева_ЛЕ,SJRiVoZn
316,Акушин Борис Павлович,493,9т,2,Акушин_БП,mXH0GmyZ
317,Аришев Руслан Кириллович,379,10т,3,Аришев_РК,WctZJcWL
318,Гуслова Кристина Олеговна,389,9в,2,Гуслова_КО,ZvXsiQkK
319,Глоточкина Оксана Аркадьевна,370,9и,5,Глоточкина_ОА,cDaiYbu8
320,Шапина Маргарита Романовна,163,8б,5,Шапина_МР,kKwN7DkQ
321,Дурылин Георгий Валериевич,261,11т,4,Дурылин_ГВ,44O5eNrQ
322,Болкисева Анна Викторовна,248,7х,4,Болкисева_АВ,W9YQshww
323,Багапов Вячеслав Сергеевич,99,7д,4,Багапов_ВС,tuOOB0Zi
324,Люцарева Яна Аркадьевна,376,11б,2,Люцарева_ЯА,uEKQ0sKp
325,Боготынина София Егоровна,63,11б,5,Боготынина_СЕ,9yqAcVX1
326,Саюшкин Игорь Алексиевич,211,11х,5,Саюшкин_ИА,kzy1ibMJ
327,Потешных Тамара Николаевна,468,11в,3,Потешных_ТН,PV7CvQ3P
328,Незлина Жанна Василевна,426,8б,5,Незлина_ЖВ,kcZt2BWN
329,Федичева Вероника Кирилловна,37,7х,4,Федичева_ВК,YaNhpm57
330,Пустынкин Вадим Антонович,388,10в,5,Пустынкин_ВА,c4ZV9NFb
331,Аринакова Ирина Михайловна,150,8в,5,Аринакова_ИМ,StM9dxyV
332,Обиралкова Мария Егоровна,294,11т,5,Обиралкова_МЕ,cyIb8eow
333,Аристарова Валентина Максимовна,443,11г,2,Аристарова_ВМ,QWa8TUse
334,Яуров Герасим Юрьевич,38,9а,5,Яуров_ГЮ,hf37JxJc
335,Духонькин Вячеслав Фёдорович,2,9в,4,Духонькин_ВФ,Zsf9LKgY
336,Гвасков Евгений Михаилович,402,9в,5,Гвасков_ЕМ,btHBw5mo
337,Жабынина Галина Николаевна,185,7х,5,Жабынина_ГН,uyE627By
338,Шерюкова Виолетта Романовна,440,9б,4,Шерюкова_ВР,PUyCkzKm
339,Колокатов Пётр Евгеньевич,484,10в,3,Колокатов_ПЕ,TH84TeeA
340,Шайдуков Андрей Михаилович,317,9и,4,Шайдуков_АМ,Y7yeKf7v
341,Смирнягина Дарья Игоревна,425,10в,4,Смирнягина_ДИ,E4jS6DKZ
342,Штырева Ева Олеговна,258,11и,2,Штырева_ЕО,4603Ig6E
343,Ашукин Вячеслав Михаилович,191,10т,4,Ашукин_ВМ,SldRa2aa
344,Рубченкова Галина Алексеевна,190,9в,3,Рубченкова_ГА,kxbd6cQK
345,Зархин Иван Алексиевич,478,11и,5,Зархин_ИА,ncPbuCjR
346,Адиотов Дмитрий Павлович,156,7б,3,Адиотов_ДП,PkDrfyVk
347,Тищенкова Раиса Валерьевна,79,7д,3,Тищенкова_РВ,BwOWpxui
348,Лозеев Илья Петрович,205,10д,2,Лозеев_ИП,d5RuCqNt
349,Кобяшов Герасим Михаилович,305,11т,2,Кобяшов_ГМ,qYhPtArF
350,Ронова Клавдия Валерьевна,107,7и,4,Ронова_КВ,rJYDi8mm
351,Стрижнов Алексей Евгеньевич,385,11г,3,Стрижнов_АЕ,nyUUxtpU
352,Волынский Алексей Виталиевич,362,11т,5,Волынский_АВ,OCQUiLTa
353,Машонский Василий Данилович,23,9д,5,Машонский_ВД,j7OBo3PK
354,Буриева Зинаида Аркадьевна,104,11д,4,Буриева_ЗА,wwfhpZq4
355,Борщина Алёна Ивановна,377,11а,5,Борщина_АИ,mZBVIbMG
356,Белчков Олег Иванович,275,10а,4,Белчков_ОИ,inATPUiG
357,Остропиков Альберт Данилович,157,8г,2,Остропиков_АД,OdxD4iqr
358,Оргонова Любовь Максимовна,264,7б,4,Оргонова_ЛМ,DZXkncZZ
359,Мальков Юрий Евгеньевич,228,7г,3,Мальков_ЮЕ,jQpmoppI
360,Свльхова Наталья Вадимовна,160,9т,5,Свльхова_НВ,le4wxRNV
361,Мякушков Герасим Леонидович,102,10т,3,Мякушков_ГЛ,zELOs9pG
362,Межуев Георгий Юриевич,355,8г,4,Межуев_ГЮ,lEnrE8Gj
363,Чериншев Александр Сергеевич,439,8а,2,Чериншев_АС,E65H4JR1
364,Муниров Алексей Андреевич,117,11г,3,Муниров_АА,T6bIfrUV
365,Климухин Руслан Романович,269,10в,3,Климухин_РР,wvEHSliz
366,Дембская Екатерина Никитична,64,11б,4,Дембская_ЕН,in4GZ4vA
367,Тюнеев Яков Фёдорович,417,10т,2,Тюнеев_ЯФ,ttAgbg5t
368,Трушитин Антон Данилович,168,9х,3,Трушитин_АД,vDCQfwVQ
369,Балакишиев Роман Алексиевич,143,11х,5,Балакишиев_РА,0QNE4uGm
370,Немтюрева Валерия Аркадьевна,12,10г,4,Немтюрева_ВА,NIvxoPmi
371,Складанова Клавдия Аркадьевна,257,9а,3,Складанова_КА,TVOZPVoy
372,Заходина Полина Леонидовна,93,10д,4,Заходина_ПЛ,OsHBOHd3
373,Муринов Анатолий Борисович,171,11б,5,Муринов_АБ,HXjdrobJ
374,Гришалова Любовь Евгеньевна,301,8т,3,Гришалова_ЛЕ,IC2teNcz
375,Ситчихин Станислав Георгиевич,247,8т,5,Ситчихин_СГ,tWmHqAte
376,Просяных Георгий Василиевич,366,9в,2,Просяных_ГВ,R1NbZrFL
377,Дзабиев Григорий Георгиевич,259,11д,5,Дзабиев_ГГ,JdAssRYF
378,Рыбаулин Григорий Алексеевич,140,11а,5,Рыбаулин_ГА,xBgagUWY
379,Тупиева Екатерина Ивановна,400,7д,2,Тупиева_ЕИ,36shcDVR
380,Куверчева Алена Ивановна,170,10д,3,Куверчева_АИ,yIoTYNra
381,Цаблинова Виктория Богдановна,342,9г,4,Цаблинова_ВБ,TofBfYOL
382,Синенков Григорий Леонидович,230,9в,5,Синенков_ГЛ,tHgVDFa5
383,Лизункин Артур Олегович,4,11в,5,Лизункин_АО,f6b53l0o
384,Славущева Александра Эдуардовна,81,8а,5,Славущева_АЭ,ZzkBMWwR
385,Шахвердов Дмитрий Антонович,132,11б,2,Шахвердов_ДА,AoGk0Ykw
386,Рапацкая Ольга Ивановна,223,10г,3,Рапацкая_ОИ,napqjlw2
387,Сторокожев Виталий Аркадиевич,159,9б,2,Сторокожев_ВА,yMycBEdg
388,Половодов Кирилл Николаевич,18,8т,5,Половодов_КН,iXiNLwXf
389,Халтанова Алена Дмитриевна,49,8б,3,Халтанова_АД,F5n4vGu8
390,Заложнев Роман Фёдорович,448,8в,4,Заложнев_РФ,hKIOEBhY
391,Рыжих Кристина Аркадьевна,213,7а,4,Рыжих_КА,QneFD3tn
392,Буров Руслан Игоревич,405,11и,5,Буров_РИ,UeWlf06F
393,Гачков Виталий Евгеньевич,277,9т,4,Гачков_ВЕ,LfeTiUDh
394,Кадилов Геннадий Борисович,225,10в,3,Кадилов_ГБ,sZGLK9sn
395,Гликина Алёна Эдуардовна,454,9б,3,Гликина_АЭ,0d291a8h
396,Ичкинина Любовь Андреевна,299,8г,5,Ичкинина_ЛА,598lEHf7
397,Мозшорина Кира Дмитриевна,65,8б,3,Мозшорина_КД,Eyes2vus
398,Брижеватов Константин Борисович,152,11т,2,Брижеватов_КБ,GoohDvGA
399,Бучеров Тарас Викторович,429,10д,4,Бучеров_ТВ,xvnOkUF4
400,Мисютина Валерия Эдуардовна,368,9г,2,Мисютина_ВЭ,vK6g3HaS
401,Льянов Федор Вадимович,328,8а,4,Льянов_ФВ,iNOsu7SQ
402,Щуркин Георгий Яковлевич,180,8в,4,Щуркин_ГЯ,EgtAj2UA
403,Акулин Федор Адамович,241,10г,4,Акулин_ФА,KxcEDmV9
404,Волженкова Екатерина Ивановна,233,9д,4,Волженкова_ЕИ,BgS7EiZv
405,Махометова София Викторовна,424,8и,3,Махометова_СВ,QGZEZcm9
406,Зызлов Геннадий Антонович,274,7в,3,Зызлов_ГА,GktROU0K
407,Девляшова Кира Олеговна,51,11д,5,Девляшова_КО,rJ6fil3r
408,Яковкина Алена Никитична,320,9т,5,Яковкина_АН,ctklRiz4
409,Бузулев Вадим Николаевич,331,10д,3,Бузулев_ВН,r9P3qQOg
410,Ганельский Юрий Юриевич,474,9д,3,Ганельский_ЮЮ,2PktUKKB
411,Шкапрова Ева Ивановна,371,7б,5,Шкапрова_ЕИ,oLWs5X6A
412,Чичирин Владимир Георгиевич,11,10а,4,Чичирин_ВГ,FQeBJCtm
413,Шилова Надежда Викторовна,124,9б,2,Шилова_НВ,PsEWezhm
414,Коваев Руслан Михаилович,487,9т,3,Коваев_РМ,hMswHLQ1
415,Саверина Надежда Андреевна,407,11б,4,Саверина_НА,DzZryZpR
416,Тишанкин Олег Адамович,334,9д,3,Тишанкин_ОА,06XXlVDR
417,Широпаев Валерий Сергеевич,406,9б,2,Широпаев_ВС,ndWFrNrA
418,Щепанин Олег Адамович,226,7а,3,Щепанин_ОА,U0VTdYFC
419,Оплетин Владислав Аркадиевич,361,10х,4,Оплетин_ВА,hUpxj7qm
420,Оденова Карина Андреевна,409,8и,4,Оденова_КА,jINUGbKp
421,Семагин Альберт Андреевич,456,10х,4,Семагин_АА,YxiGX9cs
422,Черданцева Анастасия Олеговна,128,8х,3,Черданцева_АО,enpxrHHM
423,Лонцова Елизавета Эдуардовна,224,7х,3,Лонцова_ЕЭ,EVgUrGiH
424,Сарсекеева Алёна Никитична,462,11и,4,Сарсекеева_АН,slutuO8l
425,Аковецкий Антон Евгеньевич,500,8б,4,Аковецкий_АЕ,DtTUPy61
426,Аратский Станислав Борисович,351,9и,2,Аратский_СБ,D6GIXAek
427,Чужриков Пётр Денисович,200,9в,3,Чужриков_ПД,cggGOQuU
428,Никитшин Алексей Кириллович,111,11и,3,Никитшин_АК,9jtF3unq
429,Симендяев Василий Алексиевич,45,8д,4,Симендяев_ВА,YF12L6B2
430,Ошитков Максим Сергеевич,151,10г,4,Ошитков_МС,AaOSLC5R
431,Юрасов Евгений Романович,338,9и,3,Юрасов_ЕР,RjfLAdZc
432,Головяшин Павел Юриевич,179,7г,5,Головяшин_ПЮ,lf02bZXY
433,Манжурина Екатерина Сергеевна,219,7т,3,Манжурина_ЕС,Ssn4kYJo
434,Никурашин Олег Евгеньевич,291,11х,2,Никурашин_ОЕ,abrP6dZe
435,Бехтерев Федор Вадимович,137,9х,3,Бехтерев_ФВ,EAQKWEdK
436,Годлевская Катерина Дмитриевна,403,11г,3,Годлевская_КД,4TwYYSXT
437,Акиярова Алина Эдуардовна,9,11а,4,Акиярова_АЭ,yHC9zwr9
438,Милина Алена Петровна,359,8г,3,Милина_АП,lQKH1tix
439,Воловин Борис Викторович,350,7т,2,Воловин_БВ,yGyEtBjQ
440,Туморина Ксения Федоровна,133,8б,5,Туморина_КФ,IN0jIoxE
441,Желейков Вячеслав Яковлевич,199,8г,3,Желейков_ВЯ,z6vamjDF
442,Шишорнина Екатерина Алексеевна,183,8т,3,Шишорнина_ЕА,jqslx9L9
443,Юумогулова Виолетта Игоревна,311,10х,3,Юумогулова_ВИ,Ycx79MDa
444,Рецков Денис Денисович,85,10д,2,Рецков_ДД,g6Ey2zyp
445,Химунина Елизавета Ивановна,392,7д,2,Химунина_ЕИ,5kHBpY7Q
446,Кобрянов Александр Алексиевич,455,7т,2,Кобрянов_АА,RXq2b8jg
447,Бирылов Тарас Данилович,243,11а,3,Бирылов_ТД,heciZt2j
448,Туфатулин Ярослав Леонидович,485,8х,4,Туфатулин_ЯЛ,IF71hUW8
449,Долбишев Николай Аркадиевич,292,10б,5,Долбишев_НА,opKiPFIJ
450,Махтумова Алёна Эдуардовна,186,10б,4,Махтумова_АЭ,K6f8OrOX
451,Нарзаркин Алексей Романович,423,10т,2,Нарзаркин_АР,4dlqGGoj
452,Куранина Алена Леонидовна,196,9б,4,Куранина_АЛ,jQlrla64
453,Ситюков Аркадий Евгеньевич,32,10в,3,Ситюков_АЕ,M5YzQVq1
454,Мизюрова Алиса Никитична,176,7г,4,Мизюрова_АН,OAAEei9u
455,Пандурова Алиса Дмитриевна,130,9б,2,Пандурова_АД,5kVZ9Jt8
456,Жилейкин Борис Тимофеевич,91,7в,2,Жилейкин_БТ,SuAqR1r2
457,Корпункова Виолетта Сергеевна,83,11а,3,Корпункова_ВС,shIsZfmf
458,Пашохонова Анастасия Федоровна,467,9в,4,Пашохонова_АФ,UHTft4cX
459,Сузальцева Тамара Михайловна,357,8х,4,Сузальцева_ТМ,Pzi6WY5s
460,Чиличкина Светлана Яковлевна,5,8в,5,Чиличкина_СЯ,CbKSZ8nc
461,Шантыкова Карина Максимовна,198,10д,3,Шантыкова_КМ,jSN3hOGi
462,Недосекин Владислав Яковлевич,457,10а,4,Недосекин_ВЯ,Zq2uSSmT
463,Максимкин Федор Фёдорович,172,10г,2,Максимкин_ФФ,AokXzcYd
464,Матбиюшина Виктория Игоревна,237,8д,2,Матбиюшина_ВИ,q7IPYTxo
465,Шишкунов Герасим Юрьевич,110,8т,4,Шишкунов_ГЮ,mVC5dRXP
466,Сухинин Георгий Алексиевич,475,10х,4,Сухинин_ГА,60hu5zcu
467,Бисеева Полина Романовна,48,7д,5,Бисеева_ПР,Y9xVrfwZ
468,Жукулов Михаил Денисович,60,11г,3,Жукулов_МД,pEKIfAaj
469,Тоняев Герасим Петрович,378,9т,5,Тоняев_ГП,WyD4EuPN
470,Шушенкова Алёна Олеговна,36,7и,2,Шушенкова_АО,UWFQaHiF
471,Разроев Дмитрий Павлович,59,9а,2,Разроев_ДП,Pc4pA9Ws
472,Баззаев Анатолий Данилович,339,9д,2,Баззаев_АД,fdu6tKBr
473,Цекова Алла Олеговна,50,8д,2,Цекова_АО,TuCJ94fn
474,Аборонова Алиса Алексеевна,444,7г,5,Аборонова_АА,rBAFxvVC
475,Ягловская Ева Олеговна,181,8в,4,Ягловская_ЕО,yNnqiS2l
476,Шароварова Яна Романовна,175,8а,4,Шароварова_ЯР,kfNJtEoU
477,Общев Яков Викторович,466,8а,4,Общев_ЯВ,Z3SaXxhZ
478,Ойзерская Катерина Эдуардовна,120,7х,2,Ойзерская_КЭ,7XT4vFOX
479,Прусский Ярослав Иванович,479,11б,2,Прусский_ЯИ,H4jotf1k
480,Лабинов Павел Алексеевич,272,7б,5,Лабинов_ПА,XvsXnGDX
481,Покровов Эдуард Павлович,312,8б,2,Покровов_ЭП,TLMUUBUC
482,Мачехин Эдуард Данилович,19,7д,3,Мачехин_ЭД,Gokps9hZ
483,Кодорская Раиса Ивановна,27,11б,3,Кодорская_РИ,tlgd9evb
484,Кондраева Марина Ивановна,469,9д,3,Кондраева_МИ,m646TN0A
485,Бульенков Валентин Иванович,136,10т,4,Бульенков_ВИ,7JikoxgY
486,Тагакова Вероника Яковлевна,393,8т,4,Тагакова_ВЯ,GzQF91X7
487,Гершанова Любовь Евгеньевна,383,11т,5,Гершанова_ЛЕ,BrmFPtsf
488,Салина Алена Егоровна,73,11в,5,Салина_АЕ,SKsx3MCq
489,Фрумова Зинаида Аркадьевна,78,8а,4,Фрумова_ЗА,ZbYocHrg
490,Хорняков Борис Борисович,13,8г,2,Хорняков_ББ,TLNzRl0z
491,Гдагазина Лиза Василевна,212,9т,5,Гдагазина_ЛВ,4kzduBh6
492,Агаршев Ярослав Михаилович,276,9т,2,Агаршев_ЯМ,dpT0zUHN
493,Корюшин Пётр Антонович,326,8х,2,Корюшин_ПА,LXGh7mhm
494,Калаев Пётр Алексиевич,68,8а,3,Калаев_ПА,vXsZZbs5
495,Ккаталкина Виолетта Егоровна,53,7б,2,Ккаталкина_ВЕ,lKunPux4
496,Рачнов Герасим Алексеевич,103,10а,5,Рачнов_ГА,a53qfBIL
497,Миндубаева Людмила Леонидовна,477,11и,2,Миндубаева_ЛЛ,ferCuswG
498,Агафьева Вера Ивановна,352,11х,3,Агафьева_ВИ,fUEDaj4d
499,Житин Эдуард Адамович,481,9а,5,Житин_ЭА,YyabEBhd
